fullName,country,politicalGroup,id,nationalPoliticalGroup,party
Mazaly AGUILAR,Spain,European Conservatives and Reformists Group,198096,vox,ECR
Nicolas BAY,France,European Conservatives and Reformists Group,124760,reconquete,ECR
Lars Patrick BERG,Germany,European Conservatives and Reformists Group,197478,bundnisdeutschland,ECR
Sergio BERLATO,Italy,European Conservatives and Reformists Group,4746,fratelliditalia,ECR
Adam BIELAN,Poland,European Conservatives and Reformists Group,23788,prawoisprawiedliwosc,ECR
Geert BOURGEOIS,Belgium,European Conservatives and Reformists Group,197467,nieuwvlaamsealliantie,ECR
Joachim Stanisław BRUDZIŃSKI,Poland,European Conservatives and Reformists Group,197501,prawoisprawiedliwosc,ECR
Jorge BUXADÉ VILLALBA,Spain,European Conservatives and Reformists Group,197829,vox,ECR
Ryszard CZARNECKI,Poland,European Conservatives and Reformists Group,28372,prawoisprawiedliwosc,ECR
Elisabetta DE BLASIS,Italy,European Conservatives and Reformists Group,239262,fratelliditalia,ECR
Angel DZHAMBAZKI,Bulgaria,European Conservatives and Reformists Group,124873,vmro,ECR
Carlo FIDANZA,Italy,European Conservatives and Reformists Group,96810,fratelliditalia,ECR
Pietro FIOCCHI,Italy,European Conservatives and Reformists Group,197607,fratelliditalia,ECR
Anna FOTYGA,Poland,European Conservatives and Reformists Group,28353,prawoisprawiedliwosc,ECR
Emmanouil FRAGKOS,Greece,European Conservatives and Reformists Group,198490,ellinikilusigreeksolution,ECR
Chiara GEMMA,Italy,European Conservatives and Reformists Group,197794,fratelliditalia,ECR
Teuvo HAKKARAINEN,Finland,European Conservatives and Reformists Group,197596,independent,ECR
Michiel HOOGEVEEN,Netherlands,European Conservatives and Reformists Group,218349,ja21,ECR
Ladislav ILČIĆ,Croatia,European Conservatives and Reformists Group,221463,hrvatskisuverenisti,ECR
Patryk JAKI,Poland,European Conservatives and Reformists Group,197516,solidarnapolskazbigniewaziobro,ECR
Krzysztof JURGIEL,Poland,European Conservatives and Reformists Group,197518,prawoisprawiedliwosc,ECR
Eugen JURZYCA,Slovakia,European Conservatives and Reformists Group,197767,slobodaasolidarita,ECR
Assita KANKO,Belgium,European Conservatives and Reformists Group,197469,nieuwvlaamsealliantie,ECR
Karol KARSKI,Poland,European Conservatives and Reformists Group,124887,prawoisprawiedliwosc,ECR
Beata KEMPA,Poland,European Conservatives and Reformists Group,197519,sovereignpoland,ECR
Izabela-Helena KLOC,Poland,European Conservatives and Reformists Group,197520,prawoisprawiedliwosc,ECR
Joanna KOPCIŃSKA,Poland,European Conservatives and Reformists Group,197530,prawoisprawiedliwosc,ECR
Zdzisław KRASNODĘBSKI,Poland,European Conservatives and Reformists Group,124891,prawoisprawiedliwosc,ECR
Elżbieta KRUK,Poland,European Conservatives and Reformists Group,197532,prawoisprawiedliwosc,ECR
Ryszard Antoni LEGUTKO,Poland,European Conservatives and Reformists Group,96796,prawoisprawiedliwosc,ECR
Peter LUNDGREN,Sweden,European Conservatives and Reformists Group,124996,sverigedemokraterna,ECR
Beata MAZUREK,Poland,European Conservatives and Reformists Group,197538,prawoisprawiedliwosc,ECR
Giuseppe MILAZZO,Italy,European Conservatives and Reformists Group,197824,fratelliditalia,ECR
Andżelika Anna MOŻDŻANOWSKA,Poland,European Conservatives and Reformists Group,197541,prawoisprawiedliwosc,ECR
Denis NESCI,Italy,European Conservatives and Reformists Group,239260,fratelliditalia,ECR
Johan NISSINEN,Sweden,European Conservatives and Reformists Group,238639,folklistan,ECR
Margarita DE LA PISA CARRIÓN,Spain,European Conservatives and Reformists Group,204414,vox,ECR
Tomasz Piotr PORĘBA,Poland,European Conservatives and Reformists Group,96801,prawoisprawiedliwosc,ECR
Nicola PROCACCINI,Italy,European Conservatives and Reformists Group,197820,fratelliditalia,ECR
Ansis PŪPOLS,Latvia,European Conservatives and Reformists Group,256134,nacionalaapvienibavisulatvijaitevzemeiunbrivibailnnk,ECR
Elżbieta RAFALSKA,Poland,European Conservatives and Reformists Group,197544,prawoisprawiedliwosc,ECR
Rafał ROMANOWSKI,Poland,European Conservatives and Reformists Group,250538,prawoisprawiedliwosc,ECR
Rob ROOKEN,Netherlands,European Conservatives and Reformists Group,197776,independent,ECR
Dorien ROOKMAKER,Netherlands,European Conservatives and Reformists Group,204733,meerdirectedemocratie,ECR
Robert ROOS,Netherlands,European Conservatives and Reformists Group,197709,independent,ECR
Bert-Jan RUISSEN,Netherlands,European Conservatives and Reformists Group,197773,staatkundiggereformeerdepartij,ECR
Pirkko RUOHONEN-LERNER,Finland,European Conservatives and Reformists Group,132366,perussuomalaiset,ECR
Bogdan RZOŃCA,Poland,European Conservatives and Reformists Group,197545,prawoisprawiedliwosc,ECR
Jacek SARYUSZ-WOLSKI,Poland,European Conservatives and Reformists Group,28297,prawoisprawiedliwosc,ECR
Andrey SLABAKOV,Bulgaria,European Conservatives and Reformists Group,197849,vmro,ECR
Vincenzo SOFO,Italy,European Conservatives and Reformists Group,204334,fratelliditalia,ECR
Raffaele STANCANELLI,Italy,European Conservatives and Reformists Group,197825,fratelliditalia,ECR
Beata SZYDŁO,Poland,European Conservatives and Reformists Group,197553,prawoisprawiedliwosc,ECR
Dominik TARCZYŃSKI,Poland,European Conservatives and Reformists Group,204346,prawoisprawiedliwosc,ECR
Cristian TERHEŞ,Romania,European Conservatives and Reformists Group,197655,partiduluinaionalconservatorromanpncr,ECR
Hermann TERTSCH,Spain,European Conservatives and Reformists Group,197831,vox,ECR
Grzegorz TOBISZOWSKI,Poland,European Conservatives and Reformists Group,197559,prawoisprawiedliwosc,ECR
Waldemar TOMASZEWSKI,Lithuania,European Conservatives and Reformists Group,96697,lietuvoslenkurinkimuakcijakrikscioniskuseimusajunga,ECR
Evžen TOŠENOVSKÝ,Czechia,European Conservatives and Reformists Group,96713,obcanskademokratickastrana,ECR
Johan VAN OVERTVELDT,Belgium,European Conservatives and Reformists Group,125106,nieuwvlaamsealliantie,ECR
Alexandr VONDRA,Czechia,European Conservatives and Reformists Group,197537,obcanskademokratickastrana,ECR
Veronika VRECIONOVÁ,Czechia,European Conservatives and Reformists Group,197552,obcanskademokratickastrana,ECR
Witold Jan WASZCZYKOWSKI,Poland,European Conservatives and Reformists Group,197566,prawoisprawiedliwosc,ECR
Charlie WEIMERS,Sweden,European Conservatives and Reformists Group,123562,sverigedemokraterna,ECR
Jadwiga WIŚNIEWSKA,Poland,European Conservatives and Reformists Group,124877,prawoisprawiedliwosc,ECR
Jan ZAHRADIL,Czechia,European Conservatives and Reformists Group,23712,obcanskademokratickastrana,ECR
Anna ZALEWSKA,Poland,European Conservatives and Reformists Group,197572,prawoisprawiedliwosc,ECR
Roberts ZĪLE,Latvia,European Conservatives and Reformists Group,28615,nacionalaapvienibavisulatvijaitevzemeiunbrivibailnnk,ECR
Kosma ZŁOTOWSKI,Poland,European Conservatives and Reformists Group,124884,prawoisprawiedliwosc,ECR
Magdalena ADAMOWICZ,Poland,Group of the European People's Party (Christian Democrats),197490,independent,EPP
Asim ADEMOV,Bulgaria,Group of the European People's Party (Christian Democrats),189525,citizensforeuropeandevelopmentofbulgaria,EPP
Isabella ADINOLFI,Italy,Group of the European People's Party (Christian Democrats),124831,forzaitaliailpopolodellaliberta,EPP
Alexander ALEXANDROV YORDANOV,Bulgaria,Group of the European People's Party (Christian Democrats),197836,unionofdemocraticforces,EPP
Pablo ARIAS ECHEVERRÍA,Spain,Group of the European People's Party (Christian Democrats),96808,alianzapartidopopular,EPP
Pascal ARIMONT,Belgium,Group of the European People's Party (Christian Democrats),24922,christlichsozialepartei,EPP
Anna-Michelle ASIMAKOPOULOU,Greece,Group of the European People's Party (Christian Democrats),197695,neadimokratia,EPP
Traian BĂSESCU,Romania,Group of the European People's Party (Christian Democrats),197671,partidulmicareapopulara,EPP
Vasco BECKER-WEINBERG,Portugal,Group of the European People's Party (Christian Democrats),254719,partidodocentrodemocraticosocialpartidopopular,EPP
François-Xavier BELLAMY,France,Group of the European People's Party (Christian Democrats),197534,unionpourunmouvementpopulairelesrepublicains,EPP
Isabel BENJUMEA BENJUMEA,Spain,Group of the European People's Party (Christian Democrats),197679,alianzapartidopopular,EPP
Hildegard BENTELE,Germany,Group of the European People's Party (Christian Democrats),197408,christlichdemokratischeunion,EPP
Tom BERENDSEN,Netherlands,Group of the European People's Party (Christian Democrats),197778,christendemocratischappel,EPP
Stefan BERGER,Germany,Group of the European People's Party (Christian Democrats),197410,christlichdemokratischeunion,EPP
Alexander BERNHUBER,Austria,Group of the European People's Party (Christian Democrats),197648,osterreichischevolkspartei,EPP
Vladimír BILČÍK,Slovakia,Group of the European People's Party (Christian Democrats),197771,independent,EPP
Vasile BLAGA,Romania,Group of the European People's Party (Christian Democrats),197637,partidulnationalliberal,EPP
Ioan-Rareş BOGDAN,Romania,Group of the European People's Party (Christian Democrats),197636,partidulnationalliberal,EPP
Franc BOGOVIČ,Slovenia,Group of the European People's Party (Christian Democrats),125004,slovenskaljudskastranka,EPP
Karolin BRAUNSBERGER-REINHOLD,Germany,Group of the European People's Party (Christian Democrats),226260,christlichdemokratischeunion,EPP
Krzysztof BREJZA,Poland,Group of the European People's Party (Christian Democrats),251324,platformaobywatelska,EPP
Daniel BUDA,Romania,Group of the European People's Party (Christian Democrats),125012,partidulnationalliberal,EPP
Cristian-Silviu BUŞOI,Romania,Group of the European People's Party (Christian Democrats),38420,partidulnationalliberal,EPP
Jerzy BUZEK,Poland,Group of the European People's Party (Christian Democrats),28269,platformaobywatelska,EPP
David CASA,Malta,Group of the European People's Party (Christian Democrats),28122,partitnazzjonalista,EPP
Daniel CASPARY,Germany,Group of the European People's Party (Christian Democrats),28219,christlichdemokratischeunion,EPP
Pilar del CASTILLO VERA,Spain,Group of the European People's Party (Christian Democrats),28390,alianzapartidopopular,EPP
Caterina CHINNICI,Italy,Group of the European People's Party (Christian Democrats),124861,forzaitaliailpopolodellaliberta,EPP
Deirdre CLUNE,Ireland,Group of the European People's Party (Christian Democrats),124988,finegaelparty,EPP
Carlos COELHO,Portugal,Group of the European People's Party (Christian Democrats),1892,partidosocialdemocrata,EPP
Nathalie COLIN-OESTERLÉ,France,Group of the European People's Party (Christian Democrats),197536,lescentristes,EPP
Ana COLLADO JIMÉNEZ,Spain,Group of the European People's Party (Christian Democrats),247737,alianzapartidopopular,EPP
Lara COMI,Italy,Group of the European People's Party (Christian Democrats),96775,forzaitaliailpopolodellaliberta,EPP
Arnaud DANJEAN,France,Group of the European People's Party (Christian Democrats),96747,unionpourunmouvementpopulairelesrepublicains,EPP
Salvatore DE MEO,Italy,Group of the European People's Party (Christian Democrats),204333,forzaitaliailpopolodellaliberta,EPP
Geoffroy DIDIER,France,Group of the European People's Party (Christian Democrats),190774,unionpourunmouvementpopulairelesrepublicains,EPP
Christian DOLESCHAL,Germany,Group of the European People's Party (Christian Democrats),197473,christlichsozialeunion,EPP
Herbert DORFMANN,Italy,Group of the European People's Party (Christian Democrats),96787,sudtirolervolkspartei,EPP
Ana Miguel DOS SANTOS,Portugal,Group of the European People's Party (Christian Democrats),254720,partidosocialdemocrata,EPP
Jarosław DUDA,Poland,Group of the European People's Party (Christian Democrats),197510,platformaobywatelska,EPP
Lena DÜPONT,Germany,Group of the European People's Party (Christian Democrats),99945,christlichdemokratischeunion,EPP
Christian EHLER,Germany,Group of the European People's Party (Christian Democrats),28226,christlichdemokratischeunion,EPP
Rosa ESTARÀS FERRAGUT,Spain,Group of the European People's Party (Christian Democrats),96811,alianzapartidopopular,EPP
Gheorghe FALCĂ,Romania,Group of the European People's Party (Christian Democrats),197649,partidulnationalliberal,EPP
Markus FERBER,Germany,Group of the European People's Party (Christian Democrats),1917,christlichsozialeunion,EPP
Frances FITZGERALD,Ireland,Group of the European People's Party (Christian Democrats),197720,finegaelparty,EPP
Loucas FOURLAS,Cyprus,Group of the European People's Party (Christian Democrats),197414,democraticrally,EPP
Tomasz FRANKOWSKI,Poland,Group of the European People's Party (Christian Democrats),197513,platformaobywatelska,EPP
Cindy FRANSSEN,Belgium,Group of the European People's Party (Christian Democrats),197455,christendemocratischvlaams,EPP
Michael GAHLER,Germany,Group of the European People's Party (Christian Democrats),2341,christlichdemokratischeunion,EPP
José Manuel GARCÍA-MARGALLO Y MARFIL,Spain,Group of the European People's Party (Christian Democrats),1992,alianzapartidopopular,EPP
Matteo GAZZINI,Italy,Group of the European People's Party (Christian Democrats),239255,independent,EPP
Niels GEUKING,Germany,Group of the European People's Party (Christian Democrats),251874,familienparteideutschlands,EPP
Jens GIESEKE,Germany,Group of the European People's Party (Christian Democrats),124807,christlichdemokratischeunion,EPP
Sunčana GLAVAK,Croatia,Group of the European People's Party (Christian Democrats),202036,hrvatskademokratskazajednica,EPP
Anja HAGA,Netherlands,Group of the European People's Party (Christian Democrats),247709,christenunie,EPP
Andrzej HALICKI,Poland,Group of the European People's Party (Christian Democrats),197514,platformaobywatelska,EPP
Mircea-Gheorghe HAVA,Romania,Group of the European People's Party (Christian Democrats),197646,partidulnationalliberal,EPP
Niclas HERBST,Germany,Group of the European People's Party (Christian Democrats),197412,christlichdemokratischeunion,EPP
Monika HOHLMEIER,Germany,Group of the European People's Party (Christian Democrats),96780,christlichsozialeunion,EPP
György HÖLVÉNYI,Hungary,Group of the European People's Party (Christian Democrats),124715,keresztenydemokrataneppart,EPP
Brice HORTEFEUX,France,Group of the European People's Party (Christian Democrats),5565,unionpourunmouvementpopulairelesrepublicains,EPP
Danuta Maria HÜBNER,Poland,Group of the European People's Party (Christian Democrats),96779,platformaobywatelska,EPP
Peter JAHR,Germany,Group of the European People's Party (Christian Democrats),96772,christlichdemokratischeunion,EPP
Adam JARUBAS,Poland,Group of the European People's Party (Christian Democrats),197517,polskiestronnictwoludowe,EPP
Rasa JUKNEVIČIENĖ,Lithuania,Group of the European People's Party (Christian Democrats),197840,tevynessajungalietuvoskrikscionysdemokratai,EPP
Jarosław KALINOWSKI,Poland,Group of the European People's Party (Christian Democrats),96771,polskiestronnictwoludowe,EPP
Sandra KALNIETE,Latvia,Group of the European People's Party (Christian Democrats),96934,partijavienotiba,EPP
Radan KANEV,Bulgaria,Group of the European People's Party (Christian Democrats),197839,democratsforstrongbulgaria,EPP
Othmar KARAS,Austria,Group of the European People's Party (Christian Democrats),4246,osterreichischevolkspartei,EPP
Włodzimierz KARPIŃSKI,Poland,Group of the European People's Party (Christian Democrats),250237,independent,EPP
Manolis KEFALOGIANNIS,Greece,Group of the European People's Party (Christian Democrats),125068,neadimokratia,EPP
Seán KELLY,Ireland,Group of the European People's Party (Christian Democrats),96668,finegaelparty,EPP
Martine KEMP,Luxembourg,Group of the European People's Party (Christian Democrats),249603,partichretiensocialluxembourgeois,EPP
Arba KOKALARI,Sweden,Group of the European People's Party (Christian Democrats),197406,moderaterna,EPP
Ewa KOPACZ,Poland,Group of the European People's Party (Christian Democrats),197525,platformaobywatelska,EPP
Andrey KOVATCHEV,Bulgaria,Group of the European People's Party (Christian Democrats),97968,citizensforeuropeandevelopmentofbulgaria,EPP
Andrius KUBILIUS,Lithuania,Group of the European People's Party (Christian Democrats),197843,tevynessajungalietuvoskrikscionysdemokratai,EPP
Stelios KYMPOUROPOULOS,Greece,Group of the European People's Party (Christian Democrats),197692,neadimokratia,EPP
David LEGA,Sweden,Group of the European People's Party (Christian Democrats),197393,kristdemokraterna,EPP
Jeroen LENAERS,Netherlands,Group of the European People's Party (Christian Democrats),95074,christendemocratischappel,EPP
Janusz LEWANDOWSKI,Poland,Group of the European People's Party (Christian Democrats),23781,platformaobywatelska,EPP
Miriam LEXMANN,Slovakia,Group of the European People's Party (Christian Democrats),204336,krestanskodemokratickehnutie,EPP
Peter LIESE,Germany,Group of the European People's Party (Christian Democrats),1927,christlichdemokratischeunion,EPP
Norbert LINS,Germany,Group of the European People's Party (Christian Democrats),124808,christlichdemokratischeunion,EPP
Leopoldo LÓPEZ GIL,Spain,Group of the European People's Party (Christian Democrats),197777,alianzapartidopopular,EPP
Antonio LÓPEZ-ISTÚRIZ WHITE,Spain,Group of the European People's Party (Christian Democrats),28399,alianzapartidopopular,EPP
Elżbieta Katarzyna ŁUKACIJEWSKA,Poland,Group of the European People's Party (Christian Democrats),96791,platformaobywatelska,EPP
Benoît LUTGEN,Belgium,Group of the European People's Party (Christian Democrats),197458,lesengages,EPP
David McALLISTER,Germany,Group of the European People's Party (Christian Democrats),124806,christlichdemokratischeunion,EPP
Antonius MANDERS,Netherlands,Group of the European People's Party (Christian Democrats),4560,christendemocratischappel,EPP
Lukas MANDL,Austria,Group of the European People's Party (Christian Democrats),190713,osterreichischevolkspartei,EPP
Marian-Jean MARINESCU,Romania,Group of the European People's Party (Christian Democrats),33982,partidulnationalliberal,EPP
Colm MARKEY,Ireland,Group of the European People's Party (Christian Democrats),209896,finegaelparty,EPP
Fulvio MARTUSCIELLO,Italy,Group of the European People's Party (Christian Democrats),124828,forzaitaliailpopolodellaliberta,EPP
Gabriel MATO,Spain,Group of the European People's Party (Christian Democrats),96936,alianzapartidopopular,EPP
Eva MAYDELL,Bulgaria,Group of the European People's Party (Christian Democrats),98341,citizensforeuropeandevelopmentofbulgaria,EPP
Liudas MAŽYLIS,Lithuania,Group of the European People's Party (Christian Democrats),197841,tevynessajungalietuvoskrikscionysdemokratai,EPP
Vangelis MEIMARAKIS,Greece,Group of the European People's Party (Christian Democrats),197662,neadimokratia,EPP
Roberta METSOLA,Malta,Group of the European People's Party (Christian Democrats),118859,partitnazzjonalista,EPP
Francisco José MILLÁN MON,Spain,Group of the European People's Party (Christian Democrats),28400,alianzapartidopopular,EPP
Dolors MONTSERRAT,Spain,Group of the European People's Party (Christian Democrats),197711,alianzapartidopopular,EPP
Nadine MORANO,France,Group of the European People's Party (Christian Democrats),72779,unionpourunmouvementpopulairelesrepublicains,EPP
Ricardo MORGADO,Portugal,Group of the European People's Party (Christian Democrats),254876,partidosocialdemocrata,EPP
Marlene MORTLER,Germany,Group of the European People's Party (Christian Democrats),197427,christlichsozialeunion,EPP
Dan-Ştefan MOTREANU,Romania,Group of the European People's Party (Christian Democrats),197647,partidulnationalliberal,EPP
Siegfried MUREŞAN,Romania,Group of the European People's Party (Christian Democrats),124802,partidulnationalliberal,EPP
Alessandra MUSSOLINI,Italy,Group of the European People's Party (Christian Democrats),28429,forzaitaliailpopolodellaliberta,EPP
Vânia NETO,Portugal,Group of the European People's Party (Christian Democrats),254721,partidosocialdemocrata,EPP
Angelika NIEBLER,Germany,Group of the European People's Party (Christian Democrats),4289,christlichsozialeunion,EPP
Luděk NIEDERMAYER,Czechia,Group of the European People's Party (Christian Democrats),124701,top09astarostove,EPP
Gheorghe-Vlad NISTOR,Romania,Group of the European People's Party (Christian Democrats),202112,partidulnationalliberal,EPP
Ljudmila NOVAK,Slovenia,Group of the European People's Party (Christian Democrats),28294,novaslovenijakrscanskidemokrati,EPP
Andrey NOVAKOV,Bulgaria,Group of the European People's Party (Christian Democrats),107212,citizensforeuropeandevelopmentofbulgaria,EPP
Janina OCHOJSKA,Poland,Group of the European People's Party (Christian Democrats),197542,independent,EPP
Jan OLBRYCHT,Poland,Group of the European People's Party (Christian Democrats),28288,platformaobywatelska,EPP
Henk Jan ORMEL,Netherlands,Group of the European People's Party (Christian Democrats),253043,christendemocratischappel,EPP
Witold PAHL,Poland,Group of the European People's Party (Christian Democrats),250235,platformaobywatelska,EPP
Francesca PEPPUCCI,Italy,Group of the European People's Party (Christian Democrats),243979,forzaitaliailpopolodellaliberta,EPP
Lídia PEREIRA,Portugal,Group of the European People's Party (Christian Democrats),197738,partidosocialdemocrata,EPP
Markus PIEPER,Germany,Group of the European People's Party (Christian Democrats),28224,christlichdemokratischeunion,EPP
Sirpa PIETIKÄINEN,Finland,Group of the European People's Party (Christian Democrats),40599,kansallinenkokoomus,EPP
Wolfram PIRCHNER,Austria,Group of the European People's Party (Christian Democrats),249443,osterreichischevolkspartei,EPP
Stanislav POLČÁK,Czechia,Group of the European People's Party (Christian Democrats),124704,starostoveanezavisli,EPP
Jessica POLFJÄRD,Sweden,Group of the European People's Party (Christian Democrats),197404,moderaterna,EPP
Peter POLLÁK,Slovakia,Group of the European People's Party (Christian Democrats),197765,obycajniludiaanezavisleosobnosti,EPP
Jiří POSPÍŠIL,Czechia,Group of the European People's Party (Christian Democrats),125706,top09astarostove,EPP
Emil RADEV,Bulgaria,Group of the European People's Party (Christian Democrats),124850,citizensforeuropeandevelopmentofbulgaria,EPP
Dennis RADTKE,Germany,Group of the European People's Party (Christian Democrats),188945,christlichdemokratischeunion,EPP
Karlo RESSLER,Croatia,Group of the European People's Party (Christian Democrats),197413,hrvatskademokratskazajednica,EPP
Christian SAGARTZ,Austria,Group of the European People's Party (Christian Democrats),204368,osterreichischevolkspartei,EPP
Laurence SAILLIET,France,Group of the European People's Party (Christian Democrats),249284,unionpourunmouvementpopulairelesrepublicains,EPP
Massimiliano SALINI,Italy,Group of the European People's Party (Christian Democrats),125670,forzaitaliailpopolodellaliberta,EPP
Anne SANDER,France,Group of the European People's Party (Christian Democrats),24594,unionpourunmouvementpopulairelesrepublicains,EPP
Teófilo SANTOS,Portugal,Group of the European People's Party (Christian Democrats),254722,partidosocialdemocrata,EPP
Petri SARVAMAA,Finland,Group of the European People's Party (Christian Democrats),112611,kansallinenkokoomus,EPP
Christine SCHNEIDER,Germany,Group of the European People's Party (Christian Democrats),197422,christlichdemokratischeunion,EPP
Annie SCHREIJER-PIERIK,Netherlands,Group of the European People's Party (Christian Democrats),125030,christendemocratischappel,EPP
Andreas SCHWAB,Germany,Group of the European People's Party (Christian Democrats),28223,christlichdemokratischeunion,EPP
Ralf SEEKATZ,Germany,Group of the European People's Party (Christian Democrats),197425,christlichdemokratischeunion,EPP
Aušra SEIBUTYTĖ,Lithuania,Group of the European People's Party (Christian Democrats),197835,tevynessajungalietuvoskrikscionysdemokratai,EPP
Sven SIMON,Germany,Group of the European People's Party (Christian Democrats),197426,christlichdemokratischeunion,EPP
Sara SKYTTEDAL,Sweden,Group of the European People's Party (Christian Democrats),197390,folklistan,EPP
Michaela ŠOJDROVÁ,Czechia,Group of the European People's Party (Christian Democrats),124710,krestanskaademokratickaunieceskoslovenskastranalidova,EPP
Tomislav SOKOL,Croatia,Group of the European People's Party (Christian Democrats),197417,hrvatskademokratskazajednica,EPP
Maria SPYRAKI,Greece,Group of the European People's Party (Christian Democrats),125064,neadimokratia,EPP
Eleni STAVROU,Cyprus,Group of the European People's Party (Christian Democrats),239271,democraticrally,EPP
Ivan ŠTEFANEC,Slovakia,Group of the European People's Party (Christian Democrats),124929,krestanskodemokratickehnutie,EPP
Riho TERRAS,Estonia,Group of the European People's Party (Christian Democrats),204449,isamaa,EPP
Barbara THALER,Austria,Group of the European People's Party (Christian Democrats),197667,osterreichischevolkspartei,EPP
Tomas TOBÉ,Sweden,Group of the European People's Party (Christian Democrats),197402,moderaterna,EPP
Eugen TOMAC,Romania,Group of the European People's Party (Christian Democrats),197672,partidulmicareapopulara,EPP
Romana TOMC,Slovenia,Group of the European People's Party (Christian Democrats),125104,slovenskademokratskastranka,EPP
Inese VAIDERE,Latvia,Group of the European People's Party (Christian Democrats),28617,partijavienotiba,EPP
Tom VANDENKENDELAERE,Belgium,Group of the European People's Party (Christian Democrats),129164,christendemocratischvlaams,EPP
Sabine VERHEYEN,Germany,Group of the European People's Party (Christian Democrats),96756,christlichdemokratischeunion,EPP
Loránt VINCZE,Romania,Group of the European People's Party (Christian Democrats),98582,uniuneademocratamaghiaradinromania,EPP
Henna VIRKKUNEN,Finland,Group of the European People's Party (Christian Democrats),124726,kansallinenkokoomus,EPP
Axel VOSS,Germany,Group of the European People's Party (Christian Democrats),96761,christlichdemokratischeunion,EPP
Elissavet VOZEMBERG-VRIONIDI,Greece,Group of the European People's Party (Christian Democrats),125065,neadimokratia,EPP
Lucia VUOLO,Italy,Group of the European People's Party (Christian Democrats),197798,forzaitaliailpopolodellaliberta,EPP
Maria WALSH,Ireland,Group of the European People's Party (Christian Democrats),197863,finegaelparty,EPP
Marion WALSMANN,Germany,Group of the European People's Party (Christian Democrats),197429,christlichdemokratischeunion,EPP
Jörgen WARBORN,Sweden,Group of the European People's Party (Christian Democrats),197405,moderaterna,EPP
Manfred WEBER,Germany,Group of the European People's Party (Christian Democrats),28229,christlichsozialeunion,EPP
Pernille WEISS,Denmark,Group of the European People's Party (Christian Democrats),197515,detkonservativefolkeparti,EPP
Rainer WIELAND,Germany,Group of the European People's Party (Christian Democrats),2323,christlichdemokratischeunion,EPP
Iuliu WINKLER,Romania,Group of the European People's Party (Christian Democrats),39725,uniuneademocratamaghiaradinromania,EPP
Angelika WINZIG,Austria,Group of the European People's Party (Christian Democrats),197652,osterreichischevolkspartei,EPP
Isabel WISELER-LIMA,Luxembourg,Group of the European People's Party (Christian Democrats),197421,partichretiensocialluxembourgeois,EPP
Stefania ZAMBELLI,Italy,Group of the European People's Party (Christian Democrats),197586,forzaitaliailpopolodellaliberta,EPP
Javier ZARZALEJOS,Spain,Group of the European People's Party (Christian Democrats),197606,alianzapartidopopular,EPP
Tomáš ZDECHOVSKÝ,Czechia,Group of the European People's Party (Christian Democrats),124713,krestanskaademokratickaunieceskoslovenskastranalidova,EPP
Juan Ignacio ZOIDO ÁLVAREZ,Spain,Group of the European People's Party (Christian Democrats),197621,alianzapartidopopular,EPP
Željana ZOVKO,Croatia,Group of the European People's Party (Christian Democrats),185341,hrvatskademokratskazajednica,EPP
Milan ZVER,Slovenia,Group of the European People's Party (Christian Democrats),96933,slovenskademokratskastranka,EPP
Konstantinos ARVANITIS,Greece,The Left group in the European Parliament - GUE/NGL,197701,coalitionoftheradicalleft,GUE/NGL
Manon AUBRY,France,The Left group in the European Parliament - GUE/NGL,197533,lafranceinsoumise,GUE/NGL
Malin BJÖRK,Sweden,The Left group in the European Parliament - GUE/NGL,124992,vansterpartiet,GUE/NGL
Marc BOTENGA,Belgium,The Left group in the European Parliament - GUE/NGL,187917,partidutravaildebelgique,GUE/NGL
Patricia CARO MAYA,Spain,The Left group in the European Parliament - GUE/NGL,250572,podemos,GUE/NGL
Leila CHAIBI,France,The Left group in the European Parliament - GUE/NGL,197529,lafranceinsoumise,GUE/NGL
Clare DALY,Ireland,The Left group in the European Parliament - GUE/NGL,197731,independentsforchange,GUE/NGL
Özlem DEMIREL,Germany,The Left group in the European Parliament - GUE/NGL,197468,dielinke,GUE/NGL
Cornelia ERNST,Germany,The Left group in the European Parliament - GUE/NGL,96852,dielinke,GUE/NGL
Luke Ming FLANAGAN,Ireland,The Left group in the European Parliament - GUE/NGL,124985,independent,GUE/NGL
Giorgos GEORGIOU,Cyprus,The Left group in the European Parliament - GUE/NGL,197416,progressivepartyofworkingpeopleleftnewforces,GUE/NGL
José GUSMÃO,Portugal,The Left group in the European Parliament - GUE/NGL,88715,blocodeesquerda,GUE/NGL
Anja HAZEKAMP,Netherlands,The Left group in the European Parliament - GUE/NGL,125023,partijvoordedieren,GUE/NGL
Niyazi KIZILYÜREK,Cyprus,The Left group in the European Parliament - GUE/NGL,197415,progressivepartyofworkingpeopleleftnewforces,GUE/NGL
Kateřina KONEČNÁ,Czechia,The Left group in the European Parliament - GUE/NGL,23699,komunistickastranacechamoravy,GUE/NGL
Stelios KOULOGLOU,Greece,The Left group in the European Parliament - GUE/NGL,130833,newleft,GUE/NGL
Elena KOUNTOURA,Greece,The Left group in the European Parliament - GUE/NGL,197699,coalitionoftheradicalleft,GUE/NGL
Chris MACMANUS,Ireland,The Left group in the European Parliament - GUE/NGL,205452,sinnfein,GUE/NGL
Emmanuel MAUREL,France,The Left group in the European Parliament - GUE/NGL,24505,gaucherepublicaineetsocialiste,GUE/NGL
Marina MESURE,France,The Left group in the European Parliament - GUE/NGL,236053,lafranceinsoumise,GUE/NGL
Martina MICHELS,Germany,The Left group in the European Parliament - GUE/NGL,120478,dielinke,GUE/NGL
Silvia MODIG,Finland,The Left group in the European Parliament - GUE/NGL,197805,vasemmistoliitto,GUE/NGL
Younous OMARJEE,France,The Left group in the European Parliament - GUE/NGL,30482,lafranceinsoumise,GUE/NGL
Dimitrios PAPADIMOULIS,Greece,The Left group in the European Parliament - GUE/NGL,28586,newleft,GUE/NGL
Anne-Sophie PELLETIER,France,The Left group in the European Parliament - GUE/NGL,197527,independant,GUE/NGL
Sandra PEREIRA,Portugal,The Left group in the European Parliament - GUE/NGL,197754,partidocomunistaportugues,GUE/NGL
João PIMENTA LOPES,Portugal,The Left group in the European Parliament - GUE/NGL,136236,partidocomunistaportugues,GUE/NGL
Manu PINEDA,Spain,The Left group in the European Parliament - GUE/NGL,197828,izquierdaunida,GUE/NGL
Anabela RODRIGUES,Portugal,The Left group in the European Parliament - GUE/NGL,254718,blocodeesquerda,GUE/NGL
Eugenia RODRÍGUEZ PALOP,Spain,The Left group in the European Parliament - GUE/NGL,197785,podemos,GUE/NGL
Esther SANZ SELVA,Spain,The Left group in the European Parliament - GUE/NGL,251249,podemos,GUE/NGL
Martin SCHIRDEWAN,Germany,The Left group in the European Parliament - GUE/NGL,190517,dielinke,GUE/NGL
Helmut SCHOLZ,Germany,The Left group in the European Parliament - GUE/NGL,96646,dielinke,GUE/NGL
Miguel URBÁN CRESPO,Spain,The Left group in the European Parliament - GUE/NGL,131507,anticapitalistas,GUE/NGL
Idoia VILLANUEVA RUIZ,Spain,The Left group in the European Parliament - GUE/NGL,197827,podemos,GUE/NGL
Nikolaj VILLUMSEN,Denmark,The Left group in the European Parliament - GUE/NGL,197571,enhedslisten,GUE/NGL
Mick WALLACE,Ireland,The Left group in the European Parliament - GUE/NGL,197817,independentsforchange,GUE/NGL
Matteo ADINOLFI,Italy,Identity and Democracy Group,197826,legadazionemeridionale,ID
Mathilde ANDROUËT,France,Identity and Democracy Group,197691,rassemblementnational,ID
Gerolf ANNEMANS,Belgium,Identity and Democracy Group,124973,vlaamsbelang,ID
Jordan BARDELLA,France,Identity and Democracy Group,131580,rassemblementnational,ID
Alessandra BASSO,Italy,Identity and Democracy Group,197610,legadazionemeridionale,ID
Aurélia BEIGNEUX,France,Identity and Democracy Group,197680,rassemblementnational,ID
Dominique BILDE,France,Identity and Democracy Group,124771,rassemblementnational,ID
Anna BONFRISCO,Italy,Identity and Democracy Group,197788,legadazionemeridionale,ID
Paolo BORCHIA,Italy,Identity and Democracy Group,101039,legadazionemeridionale,ID
Annika BRUNA,France,Identity and Democracy Group,182995,rassemblementnational,ID
Marco CAMPOMENOSI,Italy,Identity and Democracy Group,35016,legadazionemeridionale,ID
Massimo CASANOVA,Italy,Identity and Democracy Group,197796,legadazionemeridionale,ID
Susanna CECCARDI,Italy,Identity and Democracy Group,197786,legadazionemeridionale,ID
Patricia CHAGNON,France,Identity and Democracy Group,236052,rassemblementnational,ID
Angelo CIOCCA,Italy,Identity and Democracy Group,183793,legadazionemeridionale,ID
Rosanna CONTE,Italy,Identity and Democracy Group,197616,legadazionemeridionale,ID
Gianantonio DA RE,Italy,Identity and Democracy Group,197608,legadazionemeridionale,ID
Marie DAUCHY,France,Identity and Democracy Group,236050,rassemblementnational,ID
Ivan DAVID,Czechia,Identity and Democracy Group,197556,svobodaaprimademokracie,ID
Filip DE MAN,Belgium,Identity and Democracy Group,197472,vlaamsbelang,ID
Gianna GANCIA,Italy,Identity and Democracy Group,197582,legadazionemeridionale,ID
Jean-Paul GARRAUD,France,Identity and Democracy Group,197628,rassemblementnational,ID
Paola GHIDONI,Italy,Identity and Democracy Group,239256,legadazionemeridionale,ID
Valentino GRANT,Italy,Identity and Democracy Group,197799,legadazionemeridionale,ID
Catherine GRISET,France,Identity and Democracy Group,94649,rassemblementnational,ID
Roman HAIDER,Austria,Identity and Democracy Group,198176,freiheitlicheparteiosterreichs,ID
Jean-François JALKH,France,Identity and Democracy Group,124770,rassemblementnational,ID
France JAMET,France,Identity and Democracy Group,189065,rassemblementnational,ID
Virginie JORON,France,Identity and Democracy Group,197627,rassemblementnational,ID
Jean-Lin LACAPELLE,France,Identity and Democracy Group,204421,rassemblementnational,ID
Danilo Oscar LANCINI,Italy,Identity and Democracy Group,192635,legadazionemeridionale,ID
Gilles LEBRETON,France,Identity and Democracy Group,124738,rassemblementnational,ID
Elena LIZZI,Italy,Identity and Democracy Group,197611,legadazionemeridionale,ID
Jaak MADISON,Estonia,Identity and Democracy Group,197493,eestikonservatiivnerahvaerakond,ID
Thierry MARIANI,France,Identity and Democracy Group,197623,rassemblementnational,ID
Georg MAYER,Austria,Identity and Democracy Group,38511,freiheitlicheparteiosterreichs,ID
Eric MINARDI,France,Identity and Democracy Group,236051,rassemblementnational,ID
Philippe OLIVIER,France,Identity and Democracy Group,197687,rassemblementnational,ID
Alessandro PANZA,Italy,Identity and Democracy Group,99283,legadazionemeridionale,ID
Aldo PATRICIELLO,Italy,Identity and Democracy Group,36392,legadazionemeridionale,ID
Antonio Maria RINALDI,Italy,Identity and Democracy Group,197787,legadazionemeridionale,ID
André ROUGÉ,France,Identity and Democracy Group,197690,rassemblementnational,ID
Silvia SARDONE,Italy,Identity and Democracy Group,197578,legadazionemeridionale,ID
Annalisa TARDINO,Italy,Identity and Democracy Group,197806,legadazionemeridionale,ID
Isabella TOVAGLIERI,Italy,Identity and Democracy Group,197580,legadazionemeridionale,ID
Tom VANDENDRIESSCHE,Belgium,Identity and Democracy Group,185771,vlaamsbelang,ID
Harald VILIMSKY,Austria,Identity and Democracy Group,125001,freiheitlicheparteiosterreichs,ID
Anders VISTISEN,Denmark,Identity and Democracy Group,124875,danskfolkeparti,ID
Marco ZANNI,Italy,Identity and Democracy Group,124780,legadazionemeridionale,ID
Christine ANDERSON,Germany,Non-attached Members,197475,alternativefurdeutschland,NI
Gunnar BECK,Germany,Non-attached Members,132191,alternativefurdeutschland,NI
Tiziana BEGHIN,Italy,Non-attached Members,124777,movimento5stelle,NI
Monika BEŇOVÁ,Slovakia,Non-attached Members,23868,smersocialnademokracia,NI
Hynek BLAŠKO,Czechia,Non-attached Members,197564,aliancenarodnichsil,NI
Andrea BOCSKOR,Hungary,Non-attached Members,124712,fideszmagyarpolgariszovetsegkeresztenydemokrataneppart,NI
Markus BUCHHEIT,Germany,Non-attached Members,128483,alternativefurdeutschland,NI
Martin BUSCHMANN,Germany,Non-attached Members,197434,independent,NI
Tudor CIUHODARU,Romania,Non-attached Members,197657,alianapentruunirearomanilor,NI
Gilbert COLLARD,France,Non-attached Members,197683,diversdroite,NI
Antoni COMÍN I OLIVERES,Spain,Non-attached Members,202352,juntspercatalunyalliurespereuropa,NI
Andrea COZZOLINO,Italy,Non-attached Members,96880,partitodemocratico,NI
Maria Angela DANZÌ,Italy,Non-attached Members,239258,movimento5stelle,NI
Andor DELI,Hungary,Non-attached Members,124714,fideszmagyarpolgariszovetsegkeresztenydemokrataneppart,NI
Tamás DEUTSCH,Hungary,Non-attached Members,96826,fideszmagyarpolgariszovetsegkeresztenydemokrataneppart,NI
Francesca DONATO,Italy,Non-attached Members,197822,democraziacristiana,NI
Laura FERRARA,Italy,Non-attached Members,124833,movimento5stelle,NI
Nicolaus FEST,Germany,Non-attached Members,197480,alternativefurdeutschland,NI
Mario FURORE,Italy,Non-attached Members,197795,movimento5stelle,NI
Kinga GÁL,Hungary,Non-attached Members,28150,fideszmagyarpolgariszovetsegkeresztenydemokrataneppart,NI
Alexis GEORGOULIS,Greece,Non-attached Members,197819,independent,NI
Dino GIARRUSSO,Italy,Non-attached Members,197804,independent,NI
Marcel de GRAAFF,Netherlands,Non-attached Members,125025,forumvoordemocratie,NI
Márton GYÖNGYÖSI,Hungary,Non-attached Members,198063,jobbikkonzervativok,NI
Enikő GYŐRI,Hungary,Non-attached Members,96830,fideszmagyarpolgariszovetsegkeresztenydemokrataneppart,NI
András GYÜRK,Hungary,Non-attached Members,23816,fideszmagyarpolgariszovetsegkeresztenydemokrataneppart,NI
Balázs HIDVÉGHI,Hungary,Non-attached Members,124586,fideszmagyarpolgariszovetsegkeresztenydemokrataneppart,NI
Lívia JÁRÓKA,Hungary,Non-attached Members,28141,fideszmagyarpolgariszovetsegkeresztenydemokrataneppart,NI
Hervé JUVIN,France,Non-attached Members,197626,independant,NI
Eva KAILI,Greece,Non-attached Members,125109,independent,NI
Mislav KOLAKUŠIĆ,Croatia,Non-attached Members,197438,pravoipravda,NI
Athanasios KONSTANTINOU,Greece,Non-attached Members,197740,independent,NI
Ádám KÓSA,Hungary,Non-attached Members,96829,fideszmagyarpolgariszovetsegkeresztenydemokrataneppart,NI
Maximilian KRAH,Germany,Non-attached Members,197481,alternativefurdeutschland,NI
Joachim KUHS,Germany,Non-attached Members,197482,alternativefurdeutschland,NI
Ioannis LAGOS,Greece,Non-attached Members,197737,independent,NI
Sylvia LIMMER,Germany,Non-attached Members,197483,alternativefurdeutschland,NI
Jörg MEUTHEN,Germany,Non-attached Members,190518,independent,NI
Lefteris NIKOLAOU-ALAVANOS,Greece,Non-attached Members,197734,communistpartyofgreece,NI
Kostas PAPADAKIS,Greece,Non-attached Members,125093,communistpartyofgreece,NI
Sabrina PIGNEDOLI,Italy,Non-attached Members,197619,movimento5stelle,NI
Maxette PIRBAKAS,France,Non-attached Members,197629,independant,NI
Clara PONSATÍ OBIOLS,Spain,Non-attached Members,204443,juntspercatalunyalliurespereuropa,NI
Carles PUIGDEMONT I CASAMAJÓ,Spain,Non-attached Members,202351,juntspercatalunyalliurespereuropa,NI
Miroslav RADAČOVSKÝ,Slovakia,Non-attached Members,197764,slovakpatriot,NI
Guido REIL,Germany,Non-attached Members,197488,alternativefurdeutschland,NI
Jérôme RIVIÈRE,France,Non-attached Members,197615,independant,NI
Maria Veronica ROSSI,Italy,Non-attached Members,243912,independent,NI
Katarína ROTH NEVEĎALOVÁ,Slovakia,Non-attached Members,96653,smersocialnademokracia,NI
Ernő SCHALLER-BAROSS,Hungary,Non-attached Members,213330,fideszmagyarpolgariszovetsegkeresztenydemokrataneppart,NI
Ivan Vilibor SINČIĆ,Croatia,Non-attached Members,197935,pravoipravda,NI
Massimiliano SMERIGLIO,Italy,Non-attached Members,197791,alleanzaverdiesinistra,NI
Martin SONNEBORN,Germany,Non-attached Members,124834,diepartei,NI
Marc TARABELLA,Belgium,Non-attached Members,29579,independent,NI
Edina TÓTH,Hungary,Non-attached Members,27714,fideszmagyarpolgariszovetsegkeresztenydemokrataneppart,NI
László TRÓCSÁNYI,Hungary,Non-attached Members,197894,fideszmagyarpolgariszovetsegkeresztenydemokrataneppart,NI
Milan UHRÍK,Slovakia,Non-attached Members,197763,hnutierepublika,NI
Viktor USPASKICH,Lithuania,Non-attached Members,96698,darbopartija,NI
Elena YONCHEVA,Bulgaria,Non-attached Members,197842,bulgariansocialistparty,NI
Bernhard ZIMNIOK,Germany,Non-attached Members,197489,alternativefurdeutschland,NI
Tatjana ŽDANOKA,Latvia,Non-attached Members,28619,latvijaskrievusavieniba,NI
Atidzhe ALIEVA-VELI,Bulgaria,Renew Europe Group,197848,movementforrightsandfreedoms,RENEW
Abir AL-SAHLANI,Sweden,Renew Europe Group,197400,centerpartiet,RENEW
Catherine AMALRIC,France,Renew Europe Group,247122,partiradical,RENEW
Barry ANDREWS,Ireland,Renew Europe Group,204332,fiannafailparty,RENEW
Andrus ANSIP,Estonia,Renew Europe Group,124696,eestireformierakond,RENEW
Petras AUŠTREVIČIUS,Lithuania,Renew Europe Group,124766,lietuvosrespublikosliberalusajudis,RENEW
Malik AZMANI,Netherlands,Renew Europe Group,197781,volkspartijvoorvrijheidendemocratie,RENEW
José Ramón BAUZÁ DÍAZ,Spain,Renew Europe Group,197779,ciudadanospartidodelaciudadania,RENEW
Stéphane BIJOUX,France,Renew Europe Group,197551,larepubliqueenmarche,RENEW
Izaskun BILBAO BARANDICA,Spain,Renew Europe Group,96922,partidonacionalistavasco,RENEW
Vlad-Marius BOTOŞ,Romania,Renew Europe Group,197668,uniuneasalvairomania,RENEW
Gilles BOYER,France,Renew Europe Group,197577,horizons,RENEW
Sylvie BRUNET,France,Renew Europe Group,197576,unionpourlademocratiefrancaisemouvementdemocrate,RENEW
Jordi CAÑAS,Spain,Renew Europe Group,126644,ciudadanospartidodelaciudadania,RENEW
Pascal CANFIN,France,Renew Europe Group,96711,larepubliqueenmarcherenaissance,RENEW
Fabio Massimo CASTALDO,Italy,Renew Europe Group,124812,azione,RENEW
Catherine CHABAUD,France,Renew Europe Group,197505,unionpourlademocratiefrancaisemouvementdemocrate,RENEW
Dita CHARANZOVÁ,Czechia,Renew Europe Group,124708,independent,RENEW
Olivier CHASTEL,Belgium,Renew Europe Group,197463,mouvementreformateur,RENEW
Asger CHRISTENSEN,Denmark,Renew Europe Group,197558,venstredanmarksliberaleparti,RENEW
Ilana CICUREL,France,Renew Europe Group,204416,larepubliqueenmarcherenaissance,RENEW
Dacian CIOLOŞ,Romania,Renew Europe Group,197631,reinnoimproiectuleuropeanalromaniei,RENEW
Katalin CSEH,Hungary,Renew Europe Group,197588,momentum,RENEW
Nicola DANTI,Italy,Renew Europe Group,124821,italiavivailcentro,RENEW
Jérémy DECERLE,France,Renew Europe Group,197504,listeleuropeensemble,RENEW
Martina DLABAJOVÁ,Czechia,Renew Europe Group,124709,independent,RENEW
Anna Júlia DONÁTH,Hungary,Renew Europe Group,197595,momentum,RENEW
Lucia ĎURIŠ NICHOLSONOVÁ,Slovakia,Renew Europe Group,197766,independent,RENEW
Engin EROGLU,Germany,Renew Europe Group,197430,freiewahler,RENEW
Laurence FARRENG,France,Renew Europe Group,197589,unionpourlademocratiefrancaisemouvementdemocrate,RENEW
Giuseppe FERRANDINO,Italy,Renew Europe Group,192634,azione,RENEW
Valter FLEGO,Croatia,Renew Europe Group,197419,istarskidemokratskisabordietademocraticaistriana,RENEW
Claudia GAMON,Austria,Renew Europe Group,197632,neosdasneueosterreich,RENEW
Vlad GHEORGHE,Romania,Renew Europe Group,209140,independent,RENEW
Andreas GLÜCK,Germany,Renew Europe Group,197443,freiedemokratischepartei,RENEW
Charles GOERENS,Luxembourg,Renew Europe Group,840,partidemocratique,RENEW
Sandro GOZI,France,Renew Europe Group,204419,larepubliqueenmarcherenaissance,RENEW
Bart GROOTHUIS,Netherlands,Renew Europe Group,197780,volkspartijvoorvrijheidendemocratie,RENEW
Klemen GROŠELJ,Slovenia,Renew Europe Group,197452,zelenislovenije,RENEW
Christophe GRUDLER,France,Renew Europe Group,197557,unionpourlademocratiefrancaisemouvementdemocrate,RENEW
Bernard GUETTA,France,Renew Europe Group,197543,larepubliqueenmarcherenaissance,RENEW
Svenja HAHN,Germany,Renew Europe Group,197444,freiedemokratischepartei,RENEW
Valérie HAYER,France,Renew Europe Group,135511,renaissance,RENEW
Martin HLAVÁČEK,Czechia,Renew Europe Group,197526,ano2011,RENEW
Martin HOJSÍK,Slovakia,Renew Europe Group,197770,progresivneslovensko,RENEW
Jan HUITEMA,Netherlands,Renew Europe Group,58789,volkspartijvoorvrijheidendemocratie,RENEW
Ivars IJABS,Latvia,Renew Europe Group,197624,attistibaipar,RENEW
Sophia IN 'T VELD,Netherlands,Renew Europe Group,28266,volt,RENEW
Irena JOVEVA,Slovenia,Renew Europe Group,197447,gibanjesvoboda,RENEW
Pierre KARLESKIND,France,Renew Europe Group,197585,larepubliqueenmarche,RENEW
Karin KARLSBRO,Sweden,Renew Europe Group,197401,liberalerna,RENEW
Elsi KATAINEN,Finland,Renew Europe Group,191693,suomenkeskusta,RENEW
Michael KAUCH,Germany,Renew Europe Group,251268,freiedemokratischepartei,RENEW
Billy KELLEHER,Ireland,Renew Europe Group,197818,fiannafailparty,RENEW
Fabienne KELLER,France,Renew Europe Group,22858,agirladroiteconstructive,RENEW
Ondřej KNOTEK,Czechia,Renew Europe Group,197528,ano2011,RENEW
Moritz KÖRNER,Germany,Renew Europe Group,197445,freiedemokratischepartei,RENEW
Ondřej KOVAŘÍK,Czechia,Renew Europe Group,118949,ano2011,RENEW
Georgios KYRTSOS,Greece,Renew Europe Group,125063,independent,RENEW
Ilhan KYUCHYUK,Bulgaria,Renew Europe Group,124866,movementforrightsandfreedoms,RENEW
Guy LAVOCAT,France,Renew Europe Group,251859,renaissance,RENEW
Nathalie LOISEAU,France,Renew Europe Group,197494,larepubliqueenmarcherenaissance,RENEW
Morten LØKKEGAARD,Denmark,Renew Europe Group,96709,venstredanmarksliberaleparti,RENEW
Bergur Løkke RASMUSSEN,Denmark,Renew Europe Group,239973,moderaterne,RENEW
Karen MELCHIOR,Denmark,Renew Europe Group,197567,independent,RENEW
Jozef MIHÁL,Slovakia,Renew Europe Group,249826,independent,RENEW
Iskra MIHAYLOVA,Bulgaria,Renew Europe Group,125128,movementforrightsandfreedoms,RENEW
Alin MITUȚA,Romania,Renew Europe Group,212855,reinnoimproiectuleuropeanalromaniei,RENEW
Ulrike MÜLLER,Germany,Renew Europe Group,124862,freiewahler,RENEW
Caroline NAGTEGAAL,Netherlands,Renew Europe Group,190519,volkspartijvoorvrijheidendemocratie,RENEW
Javier NART,Spain,Renew Europe Group,125005,independiente,RENEW
Jan-Christoph OETJEN,Germany,Renew Europe Group,197432,freiedemokratischepartei,RENEW
Max ORVILLE,France,Renew Europe Group,234344,unionpourlademocratiefrancaisemouvementdemocrate,RENEW
Urmas PAET,Estonia,Renew Europe Group,129073,eestireformierakond,RENEW
Maite PAGAZAURTUNDÚA,Spain,Renew Europe Group,125038,delegacionciudadanoseuropeos,RENEW
Mauri PEKKARINEN,Finland,Renew Europe Group,197563,suomenkeskusta,RENEW
Morten PETERSEN,Denmark,Renew Europe Group,124872,detradikalevenstre,RENEW
Dragoş PÎSLARU,Romania,Renew Europe Group,197663,reinnoimproiectuleuropeanalromaniei,RENEW
Eva Maria POPTCHEVA,Spain,Renew Europe Group,237320,ciudadanospartidodelaciudadania,RENEW
Erik POULSEN,Denmark,Renew Europe Group,239972,venstredanmarksliberaleparti,RENEW
Samira RAFAELA,Netherlands,Renew Europe Group,197868,democraten66,RENEW
Frédérique RIES,Belgium,Renew Europe Group,4253,mouvementreformateur,RENEW
Catharina RINZEMA,Netherlands,Renew Europe Group,229519,volkspartijvoorvrijheidendemocratie,RENEW
Dominique RIQUET,France,Renew Europe Group,96885,mouvementradicalsocialliberal,RENEW
María Soraya RODRÍGUEZ RAMOS,Spain,Renew Europe Group,4344,ciudadanospartidodelaciudadania,RENEW
Monica SEMEDO,Luxembourg,Renew Europe Group,197418,fokus,RENEW
Susana SOLÍS PÉREZ,Spain,Renew Europe Group,197784,ciudadanospartidodelaciudadania,RENEW
Ramona STRUGARIU,Romania,Renew Europe Group,134605,reinnoimproiectuleuropeanalromaniei,RENEW
Róża THUN UND HOHENSTEIN,Poland,Renew Europe Group,96776,polska2050,RENEW
Irène TOLLERET,France,Renew Europe Group,197547,larepubliqueenmarcherenaissance,RENEW
Jana TOOM,Estonia,Renew Europe Group,124700,eestikeskerakond,RENEW
Nils TORVALDS,Finland,Renew Europe Group,114268,svenskafolkpartiet,RENEW
Dragoş TUDORACHE,Romania,Renew Europe Group,197665,reinnoimproiectuleuropeanalromaniei,RENEW
Hilde VAUTMANS,Belgium,Renew Europe Group,130100,openvlaamseliberalenendemocraten,RENEW
Marie-Pierre VEDRENNE,France,Renew Europe Group,197502,unionpourlademocratiefrancaisemouvementdemocrate,RENEW
Guy VERHOFSTADT,Belgium,Renew Europe Group,97058,openvlaamseliberalenendemocraten,RENEW
Adrián VÁZQUEZ LÁZARA,Spain,Renew Europe Group,204400,ciudadanospartidodelaciudadania,RENEW
Emma WIESNER,Sweden,Renew Europe Group,214839,centerpartiet,RENEW
Michal WIEZIK,Slovakia,Renew Europe Group,197769,progresivneslovensko,RENEW
Salima YENBOU,France,Renew Europe Group,197511,renaissance,RENEW
Stéphanie YON-COURTIN,France,Renew Europe Group,197581,larepubliqueenmarcherenaissance,RENEW
Marco ZULLO,Italy,Renew Europe Group,125237,independent,RENEW
Alex AGIUS SALIBA,Malta,Group of the Progressive Alliance of Socialists and Democrats in the European Parliament,197403,partitlaburista,S&D
Clara AGUILERA,Spain,Group of the Progressive Alliance of Socialists and Democrats in the European Parliament,125045,partidosocialistaobreroespanol,S&D
João ALBUQUERQUE,Portugal,Group of the Progressive Alliance of Socialists and Democrats in the European Parliament,237224,partidosocialista,S&D
Andris AMERIKS,Latvia,Group of the Progressive Alliance of Socialists and Democrats in the European Parliament,197783,godskalpotrigai,S&D
Marc ANGEL,Luxembourg,Group of the Progressive Alliance of Socialists and Democrats in the European Parliament,202073,partiouvriersocialisteluxembourgeois,S&D
Attila ARA-KOVÁCS,Hungary,Group of the Progressive Alliance of Socialists and Democrats in the European Parliament,197587,demokratikuskoalicio,S&D
Maria ARENA,Belgium,Group of the Progressive Alliance of Socialists and Democrats in the European Parliament,124936,partisocialiste,S&D
Carmen AVRAM,Romania,Group of the Progressive Alliance of Socialists and Democrats in the European Parliament,197651,partidulsocialdemocrat,S&D
Laura BALLARÍN CEREZA,Spain,Group of the Progressive Alliance of Socialists and Democrats in the European Parliament,247735,partidosocialistaobreroespanol,S&D
Marek Paweł BALT,Poland,Group of the Progressive Alliance of Socialists and Democrats in the European Parliament,197495,nowalewica,S&D
Katarina BARLEY,Germany,Group of the Progressive Alliance of Socialists and Democrats in the European Parliament,197433,sozialdemokratischeparteideutschlands,S&D
Pietro BARTOLO,Italy,Group of the Progressive Alliance of Socialists and Democrats in the European Parliament,197808,partitodemocratico,S&D
Marek BELKA,Poland,Group of the Progressive Alliance of Socialists and Democrats in the European Parliament,197496,nowalewica,S&D
Adrian-Dragoş BENEA,Romania,Group of the Progressive Alliance of Socialists and Democrats in the European Parliament,197658,partidulsocialdemocrat,S&D
Brando BENIFEI,Italy,Group of the Progressive Alliance of Socialists and Democrats in the European Parliament,124867,partitodemocratico,S&D
Robert BIEDROŃ,Poland,Group of the Progressive Alliance of Socialists and Democrats in the European Parliament,197498,nowalewica,S&D
Gabriele BISCHOFF,Germany,Group of the Progressive Alliance of Socialists and Democrats in the European Parliament,197435,sozialdemokratischeparteideutschlands,S&D
Vilija BLINKEVIČIŪTĖ,Lithuania,Group of the Progressive Alliance of Socialists and Democrats in the European Parliament,96681,lietuvossocialdemokratupartija,S&D
Biljana BORZAN,Croatia,Group of the Progressive Alliance of Socialists and Democrats in the European Parliament,112748,socijaldemokratskapartijahrvatske,S&D
Mercedes BRESSO,Italy,Group of the Progressive Alliance of Socialists and Democrats in the European Parliament,28346,partitodemocratico,S&D
Milan BRGLEZ,Slovenia,Group of the Progressive Alliance of Socialists and Democrats in the European Parliament,197446,socialnidemokrati,S&D
Udo BULLMANN,Germany,Group of the Progressive Alliance of Socialists and Democrats in the European Parliament,4267,sozialdemokratischeparteideutschlands,S&D
Delara BURKHARDT,Germany,Group of the Progressive Alliance of Socialists and Democrats in the European Parliament,197440,sozialdemokratischeparteideutschlands,S&D
Isabel CARVALHAIS,Portugal,Group of the Progressive Alliance of Socialists and Democrats in the European Parliament,199996,partidosocialista,S&D
Sara CERDAS,Portugal,Group of the Progressive Alliance of Socialists and Democrats in the European Parliament,197641,partidosocialista,S&D
Mohammed CHAHIM,Netherlands,Group of the Progressive Alliance of Socialists and Democrats in the European Parliament,197782,partijvandearbeid,S&D
Włodzimierz CIMOSZEWICZ,Poland,Group of the Progressive Alliance of Socialists and Democrats in the European Parliament,197507,sojuszlewicydemokratycznejuniapracy,S&D
Christophe CLERGEAU,France,Group of the Progressive Alliance of Socialists and Democrats in the European Parliament,245018,partisocialiste,S&D
Beatrice COVASSI,Italy,Group of the Progressive Alliance of Socialists and Democrats in the European Parliament,240478,partitodemocratico,S&D
Corina CREȚU,Romania,Group of the Progressive Alliance of Socialists and Democrats in the European Parliament,33997,proromania,S&D
Josianne CUTAJAR,Malta,Group of the Progressive Alliance of Socialists and Democrats in the European Parliament,197394,partitlaburista,S&D
Ilan DE BASSO,Sweden,Group of the Progressive Alliance of Socialists and Democrats in the European Parliament,228604,socialdemokraterna,S&D
Paolo DE CASTRO,Italy,Group of the Progressive Alliance of Socialists and Democrats in the European Parliament,96891,partitodemocratico,S&D
Klára DOBREV,Hungary,Group of the Progressive Alliance of Socialists and Democrats in the European Parliament,197579,demokratikuskoalicio,S&D
Estrella DURÁ FERRANDIS,Spain,Group of the Progressive Alliance of Socialists and Democrats in the European Parliament,198329,partidosocialistaobreroespanol,S&D
Pascal DURAND,France,Group of the Progressive Alliance of Socialists and Democrats in the European Parliament,124693,larepubliqueenmarcherenaissance,S&D
Matthias ECKE,Germany,Group of the Progressive Alliance of Socialists and Democrats in the European Parliament,237465,sozialdemokratischeparteideutschlands,S&D
Cyrus ENGERER,Malta,Group of the Progressive Alliance of Socialists and Democrats in the European Parliament,209091,partitlaburista,S&D
Jonás FERNÁNDEZ,Spain,Group of the Progressive Alliance of Socialists and Democrats in the European Parliament,125046,partidosocialistaobreroespanol,S&D
Heléne FRITZON,Sweden,Group of the Progressive Alliance of Socialists and Democrats in the European Parliament,197391,socialdemokraterna,S&D
Niels FUGLSANG,Denmark,Group of the Progressive Alliance of Socialists and Democrats in the European Parliament,101585,socialdemokratiet,S&D
Lina GÁLVEZ MUÑOZ,Spain,Group of the Progressive Alliance of Socialists and Democrats in the European Parliament,197702,partidosocialistaobreroespanol,S&D
Ibán GARCÍA DEL BLANCO,Spain,Group of the Progressive Alliance of Socialists and Democrats in the European Parliament,197717,partidosocialistaobreroespanol,S&D
Isabel GARCÍA MUÑOZ,Spain,Group of the Progressive Alliance of Socialists and Democrats in the European Parliament,197742,partidosocialistaobreroespanol,S&D
Iratxe GARCÍA PÉREZ,Spain,Group of the Progressive Alliance of Socialists and Democrats in the European Parliament,28298,partidosocialistaobreroespanol,S&D
Eider GARDIAZABAL RUBIAL,Spain,Group of the Progressive Alliance of Socialists and Democrats in the European Parliament,96991,partidosocialistaobreroespanol,S&D
Jens GEIER,Germany,Group of the Progressive Alliance of Socialists and Democrats in the European Parliament,96833,sozialdemokratischeparteideutschlands,S&D
Linus GLANZELIUS,Sweden,Group of the Progressive Alliance of Socialists and Democrats in the European Parliament,253008,socialdemokraterna,S&D
Raphaël GLUCKSMANN,France,Group of the Progressive Alliance of Socialists and Democrats in the European Parliament,197694,placepublique,S&D
Mónica Silvana GONZÁLEZ,Spain,Group of the Progressive Alliance of Socialists and Democrats in the European Parliament,197728,partidosocialistaobreroespanol,S&D
Nicolás GONZÁLEZ CASARES,Spain,Group of the Progressive Alliance of Socialists and Democrats in the European Parliament,197718,partidosocialistaobreroespanol,S&D
Maria GRAPINI,Romania,Group of the Progressive Alliance of Socialists and Democrats in the European Parliament,124785,partidulsocialdemocrat,S&D
Elisabetta GUALMINI,Italy,Group of the Progressive Alliance of Socialists and Democrats in the European Parliament,197618,partitodemocratico,S&D
Sylvie GUILLAUME,France,Group of the Progressive Alliance of Socialists and Democrats in the European Parliament,96952,partisocialiste,S&D
Robert HAJŠEL,Slovakia,Group of the Progressive Alliance of Socialists and Democrats in the European Parliament,34578,independent,S&D
Hannes HEIDE,Austria,Group of the Progressive Alliance of Socialists and Democrats in the European Parliament,197682,sozialdemokratischeparteiosterreichs,S&D
Eero HEINÄLUOMA,Finland,Group of the Progressive Alliance of Socialists and Democrats in the European Parliament,197800,suomensosialidemokraattinenpuoluefinlandssocialdemokratiskaparti,S&D
Alicia HOMS GINEL,Spain,Group of the Progressive Alliance of Socialists and Democrats in the European Parliament,122978,partidosocialistaobreroespanol,S&D
Ivo HRISTOV,Bulgaria,Group of the Progressive Alliance of Socialists and Democrats in the European Parliament,197846,bulgariansocialistparty,S&D
Evin INCIR,Sweden,Group of the Progressive Alliance of Socialists and Democrats in the European Parliament,197392,socialdemokraterna,S&D
Romana JERKOVIĆ,Croatia,Group of the Progressive Alliance of Socialists and Democrats in the European Parliament,112747,socijaldemokratskapartijahrvatske,S&D
Agnes JONGERIUS,Netherlands,Group of the Progressive Alliance of Socialists and Democrats in the European Parliament,125021,partijvandearbeid,S&D
Marina KALJURAND,Estonia,Group of the Progressive Alliance of Socialists and Democrats in the European Parliament,197491,sotsiaaldemokraatlikerakond,S&D
Petra KAMMEREVERT,Germany,Group of the Progressive Alliance of Socialists and Democrats in the European Parliament,96837,sozialdemokratischeparteideutschlands,S&D
Łukasz KOHUT,Poland,Group of the Progressive Alliance of Socialists and Democrats in the European Parliament,197523,nowalewica,S&D
Dietmar KÖSTER,Germany,Group of the Progressive Alliance of Socialists and Democrats in the European Parliament,124822,sozialdemokratischeparteideutschlands,S&D
Miapetra KUMPULA-NATRI,Finland,Group of the Progressive Alliance of Socialists and Democrats in the European Parliament,124735,suomensosialidemokraattinenpuoluefinlandssocialdemokratiskaparti,S&D
Aurore LALUCQ,France,Group of the Progressive Alliance of Socialists and Democrats in the European Parliament,197697,placepublique,S&D
Bernd LANGE,Germany,Group of the Progressive Alliance of Socialists and Democrats in the European Parliament,1909,sozialdemokratischeparteideutschlands,S&D
Pierre LARROUTUROU,France,Group of the Progressive Alliance of Socialists and Democrats in the European Parliament,197698,nouvelledonne,S&D
Camilla LAURETI,Italy,Group of the Progressive Alliance of Socialists and Democrats in the European Parliament,230085,partitodemocratico,S&D
Maria-Manuel LEITÃO-MARQUES,Portugal,Group of the Progressive Alliance of Socialists and Democrats in the European Parliament,197635,partidosocialista,S&D
Bogusław LIBERADZKI,Poland,Group of the Progressive Alliance of Socialists and Democrats in the European Parliament,23768,nowalewica,S&D
Javi LÓPEZ,Spain,Group of the Progressive Alliance of Socialists and Democrats in the European Parliament,125042,partitdelssocialistesdecatalunya,S&D
Juan Fernando LÓPEZ AGUILAR,Spain,Group of the Progressive Alliance of Socialists and Democrats in the European Parliament,96812,partidosocialistaobreroespanol,S&D
Karsten LUCKE,Germany,Group of the Progressive Alliance of Socialists and Democrats in the European Parliament,228286,sozialdemokratischeparteideutschlands,S&D
César LUENA,Spain,Group of the Progressive Alliance of Socialists and Democrats in the European Parliament,197721,partidosocialistaobreroespanol,S&D
Cristina MAESTRE MARTÍN DE ALMAGRO,Spain,Group of the Progressive Alliance of Socialists and Democrats in the European Parliament,197719,partidosocialistaobreroespanol,S&D
Claudiu MANDA,Romania,Group of the Progressive Alliance of Socialists and Democrats in the European Parliament,197653,partidulsocialdemocrat,S&D
Margarida MARQUES,Portugal,Group of the Progressive Alliance of Socialists and Democrats in the European Parliament,197638,partidosocialista,S&D
Pedro MARQUES,Portugal,Group of the Progressive Alliance of Socialists and Democrats in the European Parliament,197634,partidosocialista,S&D
Predrag Fred MATIĆ,Croatia,Group of the Progressive Alliance of Socialists and Democrats in the European Parliament,197441,socijaldemokratskapartijahrvatske,S&D
Costas MAVRIDES,Cyprus,Group of the Progressive Alliance of Socialists and Democrats in the European Parliament,124691,democraticparty,S&D
Radka MAXOVÁ,Czechia,Group of the Progressive Alliance of Socialists and Democrats in the European Parliament,197522,independent,S&D
Nora MEBAREK,France,Group of the Progressive Alliance of Socialists and Democrats in the European Parliament,204418,partisocialiste,S&D
Sven MIKSER,Estonia,Group of the Progressive Alliance of Socialists and Democrats in the European Parliament,197497,sotsiaaldemokraatlikerakond,S&D
Leszek MILLER,Poland,Group of the Progressive Alliance of Socialists and Democrats in the European Parliament,197540,independent,S&D
Csaba MOLNÁR,Hungary,Group of the Progressive Alliance of Socialists and Democrats in the European Parliament,124722,demokratikuskoalicio,S&D
Javier MORENO SÁNCHEZ,Spain,Group of the Progressive Alliance of Socialists and Democrats in the European Parliament,28347,partidosocialistaobreroespanol,S&D
Alessandra MORETTI,Italy,Group of the Progressive Alliance of Socialists and Democrats in the European Parliament,124799,partitodemocratico,S&D
Theresa BIELOWSKI,Austria,Group of the Progressive Alliance of Socialists and Democrats in the European Parliament,238674,sozialdemokratischeparteiosterreichs,S&D
Victor NEGRESCU,Romania,Group of the Progressive Alliance of Socialists and Democrats in the European Parliament,88882,partidulsocialdemocrat,S&D
Matjaž NEMEC,Slovenia,Group of the Progressive Alliance of Socialists and Democrats in the European Parliament,233862,socialnidemokrati,S&D
Dan NICA,Romania,Group of the Progressive Alliance of Socialists and Democrats in the European Parliament,124784,partidulsocialdemocrat,S&D
Maria NOICHL,Germany,Group of the Progressive Alliance of Socialists and Democrats in the European Parliament,124836,sozialdemokratischeparteideutschlands,S&D
Carina OHLSSON,Sweden,Group of the Progressive Alliance of Socialists and Democrats in the European Parliament,237779,socialdemokraterna,S&D
Juozas OLEKAS,Lithuania,Group of the Progressive Alliance of Socialists and Democrats in the European Parliament,197838,lietuvossocialdemokratupartija,S&D
Demetris PAPADAKIS,Cyprus,Group of the Progressive Alliance of Socialists and Democrats in the European Parliament,124692,movementforsocialdemocracyedek,S&D
Nikos PAPANDREOU,Greece,Group of the Progressive Alliance of Socialists and Democrats in the European Parliament,244571,pasokkinal,S&D
Tsvetelina PENKOVA,Bulgaria,Group of the Progressive Alliance of Socialists and Democrats in the European Parliament,197845,bulgariansocialistparty,S&D
Pina PICIERNO,Italy,Group of the Progressive Alliance of Socialists and Democrats in the European Parliament,124846,partitodemocratico,S&D
Tonino PICULA,Croatia,Group of the Progressive Alliance of Socialists and Democrats in the European Parliament,112744,socijaldemokratskapartijahrvatske,S&D
Giuliano PISAPIA,Italy,Group of the Progressive Alliance of Socialists and Democrats in the European Parliament,197590,independent,S&D
Rovana PLUMB,Romania,Group of the Progressive Alliance of Socialists and Democrats in the European Parliament,38595,partidulsocialdemocrat,S&D
Evelyn REGNER,Austria,Group of the Progressive Alliance of Socialists and Democrats in the European Parliament,96998,sozialdemokratischeparteiosterreichs,S&D
René REPASI,Germany,Group of the Progressive Alliance of Socialists and Democrats in the European Parliament,229839,sozialdemokratischeparteideutschlands,S&D
Thijs REUTEN,Netherlands,Group of the Progressive Alliance of Socialists and Democrats in the European Parliament,218347,partijvandearbeid,S&D
Franco ROBERTI,Italy,Group of the Progressive Alliance of Socialists and Democrats in the European Parliament,197801,partitodemocratico,S&D
Inma RODRÍGUEZ-PIÑERO,Spain,Group of the Progressive Alliance of Socialists and Democrats in the European Parliament,125043,partidosocialistaobreroespanol,S&D
Sándor RÓNAI,Hungary,Group of the Progressive Alliance of Socialists and Democrats in the European Parliament,197584,demokratikuskoalicio,S&D
Daniela RONDINELLI,Italy,Group of the Progressive Alliance of Socialists and Democrats in the European Parliament,197792,partitodemocratico,S&D
Marcos ROS SEMPERE,Spain,Group of the Progressive Alliance of Socialists and Democrats in the European Parliament,204413,partidosocialistaobreroespanol,S&D
Thomas RUDNER,Germany,Group of the Progressive Alliance of Socialists and Democrats in the European Parliament,245858,sozialdemokratischeparteideutschlands,S&D
Domènec RUIZ DEVESA,Spain,Group of the Progressive Alliance of Socialists and Democrats in the European Parliament,127096,partidosocialistaobreroespanol,S&D
Nacho SÁNCHEZ AMOR,Spain,Group of the Progressive Alliance of Socialists and Democrats in the European Parliament,197722,partidosocialistaobreroespanol,S&D
Alfred SANT,Malta,Group of the Progressive Alliance of Socialists and Democrats in the European Parliament,124781,partitlaburista,S&D
Isabel SANTOS,Portugal,Group of the Progressive Alliance of Socialists and Democrats in the European Parliament,197650,partidosocialista,S&D
Christel SCHALDEMOSE,Denmark,Group of the Progressive Alliance of Socialists and Democrats in the European Parliament,37312,socialdemokratiet,S&D
Andreas SCHIEDER,Austria,Group of the Progressive Alliance of Socialists and Democrats in the European Parliament,197670,sozialdemokratischeparteiosterreichs,S&D
Joachim SCHUSTER,Germany,Group of the Progressive Alliance of Socialists and Democrats in the European Parliament,124837,sozialdemokratischeparteideutschlands,S&D
Günther SIDL,Austria,Group of the Progressive Alliance of Socialists and Democrats in the European Parliament,197677,sozialdemokratischeparteiosterreichs,S&D
Pedro SILVA PEREIRA,Portugal,Group of the Progressive Alliance of Socialists and Democrats in the European Parliament,124747,partidosocialista,S&D
Birgit SIPPEL,Germany,Group of the Progressive Alliance of Socialists and Democrats in the European Parliament,96932,sozialdemokratischeparteideutschlands,S&D
Sergei STANISHEV,Bulgaria,Group of the Progressive Alliance of Socialists and Democrats in the European Parliament,124852,bulgariansocialistparty,S&D
Paul TANG,Netherlands,Group of the Progressive Alliance of Socialists and Democrats in the European Parliament,125020,partijvandearbeid,S&D
Vera TAX,Netherlands,Group of the Progressive Alliance of Socialists and Democrats in the European Parliament,197756,partijvandearbeid,S&D
Irene TINAGLI,Italy,Group of the Progressive Alliance of Socialists and Democrats in the European Parliament,197591,partitodemocratico,S&D
Patrizia TOIA,Italy,Group of the Progressive Alliance of Socialists and Democrats in the European Parliament,28340,partitodemocratico,S&D
Mihai TUDOSE,Romania,Group of the Progressive Alliance of Socialists and Democrats in the European Parliament,198183,partidulsocialdemocrat,S&D
István UJHELYI,Hungary,Group of the Progressive Alliance of Socialists and Democrats in the European Parliament,124705,eselykozosseg,S&D
Nils UŠAKOVS,Latvia,Group of the Progressive Alliance of Socialists and Democrats in the European Parliament,197810,saskanasocialdemokratiskapartija,S&D
Kathleen VAN BREMPT,Belgium,Group of the Progressive Alliance of Socialists and Democrats in the European Parliament,5729,vooruit,S&D
Achille VARIATI,Italy,Group of the Progressive Alliance of Socialists and Democrats in the European Parliament,239257,partitodemocratico,S&D
Marianne VIND,Denmark,Group of the Progressive Alliance of Socialists and Democrats in the European Parliament,199941,socialdemokratiet,S&D
Petar VITANOV,Bulgaria,Group of the Progressive Alliance of Socialists and Democrats in the European Parliament,197844,bulgariansocialistparty,S&D
Tiemo WÖLKEN,Germany,Group of the Progressive Alliance of Socialists and Democrats in the European Parliament,185619,sozialdemokratischeparteideutschlands,S&D
Lara WOLTERS,Netherlands,Group of the Progressive Alliance of Socialists and Democrats in the European Parliament,5392,partijvandearbeid,S&D
Theodoros ZAGORAKIS,Greece,Group of the Progressive Alliance of Socialists and Democrats in the European Parliament,125067,independent,S&D
Carlos ZORRINHO,Portugal,Group of the Progressive Alliance of Socialists and Democrats in the European Parliament,124739,partidosocialista,S&D
Alviina ALAMETSÄ,Finland,Group of the Greens/European Free Alliance,204335,vihrealiitto,VERTS/ALE
François ALFONSI,France,Group of the Greens/European Free Alliance,96750,regionsetpeuplessolidaires,VERTS/ALE
Rasmus ANDRESEN,Germany,Group of the Greens/European Free Alliance,197448,bundnis90diegrunen,VERTS/ALE
Margrete AUKEN,Denmark,Group of the Greens/European Free Alliance,28161,socialistiskfolkeparti,VERTS/ALE
Benoît BITEAU,France,Group of the Greens/European Free Alliance,197512,generationecologie,VERTS/ALE
Michael BLOSS,Germany,Group of the Greens/European Free Alliance,197449,bundnis90diegrunen,VERTS/ALE
Damian BOESELAGER,Germany,Group of the Greens/European Free Alliance,197439,volt,VERTS/ALE
Patrick BREYER,Germany,Group of the Greens/European Free Alliance,197431,piratenparteideutschland,VERTS/ALE
Saskia BRICMONT,Belgium,Group of the Greens/European Free Alliance,197470,ecologistesconfederespourlorganisationdeluttesoriginales,VERTS/ALE
Reinhard BÜTIKOFER,Germany,Group of the Greens/European Free Alliance,96739,bundnis90diegrunen,VERTS/ALE
Damien CARÊME,France,Group of the Greens/European Free Alliance,197574,generationecologie,VERTS/ALE
Anna CAVAZZINI,Germany,Group of the Greens/European Free Alliance,86793,bundnis90diegrunen,VERTS/ALE
David CORMAND,France,Group of the Greens/European Free Alliance,197503,generationecologie,VERTS/ALE
Ignazio CORRAO,Italy,Group of the Greens/European Free Alliance,124856,independent,VERTS/ALE
Ciarán CUFFE,Ireland,Group of the Greens/European Free Alliance,197654,greenparty,VERTS/ALE
Jakop G. DALUNDE,Sweden,Group of the Greens/European Free Alliance,183338,miljopartietdegrona,VERTS/ALE
Rosa D'AMATO,Italy,Group of the Greens/European Free Alliance,124835,independent,VERTS/ALE
Gwendoline DELBOS-CORFIELD,France,Group of the Greens/European Free Alliance,197531,generationecologie,VERTS/ALE
Karima DELLI,France,Group of the Greens/European Free Alliance,96868,generationecologie,VERTS/ALE
Anna DEPARNAY-GRUNENBERG,Germany,Group of the Greens/European Free Alliance,197453,bundnis90diegrunen,VERTS/ALE
Bas EICKHOUT,Netherlands,Group of the Greens/European Free Alliance,96725,groenlinks,VERTS/ALE
Romeo FRANZ,Germany,Group of the Greens/European Free Alliance,193273,bundnis90diegrunen,VERTS/ALE
Daniel FREUND,Germany,Group of the Greens/European Free Alliance,106936,bundnis90diegrunen,VERTS/ALE
Alexandra GEESE,Germany,Group of the Greens/European Free Alliance,183916,bundnis90diegrunen,VERTS/ALE
Markéta GREGOROVÁ,Czechia,Group of the Greens/European Free Alliance,197549,pirati,VERTS/ALE
Claude GRUFFAT,France,Group of the Greens/European Free Alliance,204420,generationecologie,VERTS/ALE
Francisco GUERREIRO,Portugal,Group of the Greens/European Free Alliance,197645,independente,VERTS/ALE
Henrike HAHN,Germany,Group of the Greens/European Free Alliance,197457,bundnis90diegrunen,VERTS/ALE
Martin HÄUSLING,Germany,Group of the Greens/European Free Alliance,96752,bundnis90diegrunen,VERTS/ALE
Heidi HAUTALA,Finland,Group of the Greens/European Free Alliance,2054,vihrealiitto,VERTS/ALE
Pierrette HERZBERGER-FOFANA,Germany,Group of the Greens/European Free Alliance,197459,bundnis90diegrunen,VERTS/ALE
Pär HOLMGREN,Sweden,Group of the Greens/European Free Alliance,197398,miljopartietdegrona,VERTS/ALE
Stasys JAKELIŪNAS,Lithuania,Group of the Greens/European Free Alliance,197837,independent,VERTS/ALE
Ska KELLER,Germany,Group of the Greens/European Free Alliance,96734,bundnis90diegrunen,VERTS/ALE
Petros KOKKALIS,Greece,Group of the Greens/European Free Alliance,197743,kosmos,VERTS/ALE
Marcel KOLAJA,Czechia,Group of the Greens/European Free Alliance,197546,pirati,VERTS/ALE
Alice KUHNKE,Sweden,Group of the Greens/European Free Alliance,197395,miljopartietdegrona,VERTS/ALE
Sergey LAGODINSKY,Germany,Group of the Greens/European Free Alliance,197460,bundnis90diegrunen,VERTS/ALE
Philippe LAMBERTS,Belgium,Group of the Greens/European Free Alliance,96648,ecologistesconfederespourlorganisationdeluttesoriginales,VERTS/ALE
Katrin LANGENSIEPEN,Germany,Group of the Greens/European Free Alliance,197461,bundnis90diegrunen,VERTS/ALE
Erik MARQUARDT,Germany,Group of the Greens/European Free Alliance,197462,bundnis90diegrunen,VERTS/ALE
Lydie MASSARD,France,Group of the Greens/European Free Alliance,249285,regionsetpeuplessolidaires,VERTS/ALE
Sara MATTHIEU,Belgium,Group of the Greens/European Free Alliance,208722,groen,VERTS/ALE
Tilly METZ,Luxembourg,Group of the Greens/European Free Alliance,193292,deigrenglesverts,VERTS/ALE
Ana MIRANDA,Spain,Group of the Greens/European Free Alliance,24942,bloquenacionalistagalego,VERTS/ALE
Hannah NEUMANN,Germany,Group of the Greens/European Free Alliance,197464,bundnis90diegrunen,VERTS/ALE
Niklas NIENASS,Germany,Group of the Greens/European Free Alliance,197465,bundnis90diegrunen,VERTS/ALE
Ville NIINISTÖ,Finland,Group of the Greens/European Free Alliance,197802,vihrealiitto,VERTS/ALE
Grace O'SULLIVAN,Ireland,Group of the Greens/European Free Alliance,197889,greenparty,VERTS/ALE
Jan OVELGÖNNE,Germany,Group of the Greens/European Free Alliance,232843,bundnis90diegrunen,VERTS/ALE
Jutta PAULUS,Germany,Group of the Greens/European Free Alliance,197466,bundnis90diegrunen,VERTS/ALE
Piernicola PEDICINI,Italy,Group of the Greens/European Free Alliance,124844,independent,VERTS/ALE
Mikuláš PEKSA,Czechia,Group of the Greens/European Free Alliance,197539,pirati,VERTS/ALE
Kira Marie PETER-HANSEN,Denmark,Group of the Greens/European Free Alliance,197573,socialistiskfolkeparti,VERTS/ALE
Terry REINTKE,Germany,Group of the Greens/European Free Alliance,103381,bundnis90diegrunen,VERTS/ALE
Diana RIBA I GINER,Spain,Group of the Greens/European Free Alliance,197832,esquerrarepublicanadecatalunya,VERTS/ALE
Manuela RIPA,Germany,Group of the Greens/European Free Alliance,206158,okologischdemokratischepartei,VERTS/ALE
Caroline ROOSE,France,Group of the Greens/European Free Alliance,197506,generationecologie,VERTS/ALE
Bronis ROPĖ,Lithuania,Group of the Greens/European Free Alliance,125214,lietuvosvalstieciuirzaliujusajunga,VERTS/ALE
Mounir SATOURI,France,Group of the Greens/European Free Alliance,197500,generationecologie,VERTS/ALE
Nico SEMSROTT,Germany,Group of the Greens/European Free Alliance,197423,independent,VERTS/ALE
Jordi SOLÉ,Spain,Group of the Greens/European Free Alliance,185974,esquerrarepublicanadecatalunya,VERTS/ALE
Sylwia SPUREK,Poland,Group of the Greens/European Free Alliance,197550,independent,VERTS/ALE
Nicolae ŞTEFĂNUȚĂ,Romania,Group of the Greens/European Free Alliance,58766,independent,VERTS/ALE
Tineke STRIK,Netherlands,Group of the Greens/European Free Alliance,197772,groenlinks,VERTS/ALE
François THIOLLET,France,Group of the Greens/European Free Alliance,250918,generationecologie,VERTS/ALE
Marie TOUSSAINT,France,Group of the Greens/European Free Alliance,97236,generationecologie,VERTS/ALE
Monika VANA,Austria,Group of the Greens/European Free Alliance,124934,diegrunendiegrunealternative,VERTS/ALE
Kim VAN SPARRENTAK,Netherlands,Group of the Greens/European Free Alliance,197870,groenlinks,VERTS/ALE
Viola VON CRAMON-TAUBADEL,Germany,Group of the Greens/European Free Alliance,197451,bundnis90diegrunen,VERTS/ALE
Thomas WAITZ,Austria,Group of the Greens/European Free Alliance,190464,diegrunendiegrunealternative,VERTS/ALE
Sarah WIENER,Austria,Group of the Greens/European Free Alliance,197675,diegrunendiegrunealternative,VERTS/ALE
